BV号,播放量
BV1Ws41117av,2005000
BV1Ws41117gw,1043000
BV1bs411C7mz,1229000
BV1ws411y7yQ,1351000
BV1ds411C7Ru,634000
BV1ks411r7Uq,720000
BV18s411k7hA,737000
BV1Es41167ie,391000
BV1Zs41167C8,527000
BV15s411r7rs,516000
BV1Gs411t7kV,554000
BV1Ts411b7d8,861000
BV12s411x7ia,765000
BV1os411x71S,525000
BV1Ax411q7rH,1313000
BV1Ax411q7rH,1390000
BV1Ax411q7Wt,1110000
BV1Ax411q7AF,1017000
BV1Fx411W78r,818000
BV1fx411p7BA,627000
BV1Dx411p727,486000
BV1ux411W7GL,2592000
BV1cx411W7gc,728000
BV1fx411W7xe,1306000
BV1Qx411W7KM,5438000
BV1Tx411s779,436000
BV1Tx411s7i2,1349000
BV1Tx411s7hH,1888000
BV1Yx411p76E,997000
BV1Xx411n7kM,2038000
BV16x411J7YE,748000
BV1Jx41187mG,1452000
BV1jx411t7sz,777000
BV12x411t75H,2464000
BV1yx41147u5,911000
BV1Lx411G7rt,458000
BV1Nx411378E,1025000
BV1Mx411g74X,579000
BV1Hx411M7DG,987000
BV14x411M7ZS,1527000
BV1ox411774e,1572000
BV18x411j7cf,1000000
BV1Qx411L7UT,1168000
BV14W411a7tV,926000
BV1hW411Y7QN,627000
BV1oW411b7ZT,1119000
BV1tW411t7yj,568000
BV1NW411b7PU,1488000
BV14W411b7t6,559000
BV1LW411q7Uy,674000
BV1ZW411Y76v,1671000
BV1eW411H73m,1329000
BV1VW411E7Tn,1848000
BV1TW411J7u3,1037000
BV1KW411p7uD,726000
BV1iW411p7qU,1479000
BV1CW411p7aZ,1560000
BV1Bs411G7RH,1180000
BV1Rs411p7W1,1817000
BV1Ks411n7aH,1182000
BV1Ws411P7V5,1045000
BV1vs411c7UM,1034000
BV1Ps41137dH,1120000
BV1Zs411u745,1172000
BV1ns411M7NN,1475000
BV1ws411T7ow,725000
BV1Js411T7sa,1441000
BV1ZW411974U,1192000
BV1mW41197K1,1774000
BV1ps411F7aR,824000
BV1cW411Z7NV,1085000
BV14W411o775,1176000
BV16W411k7gj,1565000
BV1jW411z7B7,1611000
BV1fW411y7bb,1641000
BV1Mt411f7pg,1433000
BV1Dt411d7WA,1616000
BV1pb411c7Tc,1218000
BV1Gt411U7Mt,1822000
BV1Yt41197sz,1777000
BV1vt411k7oH,3878000
BV1ft411B7mu,1733000
BV1ct411s7c7,1139000
BV19t411874s,2089000
BV1wb411k7pH,1732000
BV1Ub411r7bz,1615000
BV1Vb411873c,1672000
BV1Fb411z7zZ,1530000
BV1Lb411e7dj,1377000
BV1Qb41147dq,1542000
BV12b411M7ta,3140000
BV1jb411T7AS,2154000
BV1cb411G7yQ,1487000
BV1T4411475H,3772000
BV1i4411a7uh,1879000
BV1p4411J7so,1990000
BV1U4411L7nP,1697000
BV1s4411N7CQ,2144000
BV1y4411V7Vd,1946000
BV1c4411g749,5230000
BV1Ax411R7ai,2005000
BV1rt411572E,2240000
BV18t411P7jS,2604000
BV1Vt411M7kQ,10144000
BV1St411K7TF,3207000
BV1P4411X7pY,2605000
BV1s4411r7AY,2547000
BV1f4411y7Nu,2955000
BV1oJ411w7e9,2552000
BV1kE411X7zB,2469000
BV1zE411Z72a,2958000
BV12E41167Hg,2917000
BV1nE411b71s,2822000
BV1fE411e7Sc,5088000
BV1zE411Y7JY,3120000
BV1DJ411d7zm,4130000
BV1WJ411q7ZY,3666000
BV1VJ411b7RK,4283000
BV1GJ411G7Ld,4206000
BV1D7411v7B4,3040000
BV19E411A7Yj,3487000
BV1c54y1d7Tv,3969000
BV1qC4y1s78v,3281000
BV15f4y1m74S,3524000
BV1ep4y1Q76i,3524000
BV1ep4y1Q76i,3334000
BV1Ca4y1Y7XJ,3465000
BV1DK4y147Kf,3643000
BV1YD4y1S7vc,4379000
BV19k4y127pr,2952000
BV1Cf4y197j6,3475000
BV1ti4y1M7Ae,4851000
BV1ti4y1u72V,3533000
BV1HT4y1w7HX,4201000
BV1f54y1r7HV,3193000
BV1yp4y1z7yH,4478000
BV1no4y1f745,3036000
BV1tp4y1p7wd,3747000
BV1RZ4y1F7nN,3472000
BV1P64y1o7RZ,4525000
BV1264y1k77Y,6307000
BV1mX4y1w7vT,10179000
BV1TsmtY7Egu,7455000
BV1jNmtYcEbY,29740000